{
"lengthUnit": "mil",
"remark": [],
"components": {
	"fields": ["COMPONENT_NO", "COMPONENT_NAME", "LAYER", "X_COORDINATE", "Y_COORDINATE", "ANGLE"],
	"rows": [
		[1, "5V", "T", 759.7425, -451.6925, 0],
		[2, "C1", "T", 815, -1095, 90],
		[3, "C2", "T", 845, -580, 90],
		[4, "CN1", "T", 670, -785, 270],
		[5, "GND", "T", 694.1125, -1151.6925, 0],
		[6, "U1", "T", 1358.796, -800.504, 270],
		[7, "PAD1", "T", 815, -1032.3, 0],
		[8, "PAD2", "T", 815, -1157.7, 0],
		[9, "PAD3", "T", 845, -552.44, 0],
		[10, "PAD4", "T", 845, -607.56, 0],
		[11, "PAD5", "T", 727.085, -637.36, 0],
		[12, "PAD6", "T", 727.085, -686.57, 0],
		[13, "PAD7", "T", 727.085, -735.78, 0],
		[14, "PAD8", "T", 727.085, -785, 0],
		[15, "PAD9", "T", 727.085, -932.64, 0],
		[16, "PAD10", "T", 612.915, -1033.03, 0],
		[17, "PAD11", "T", 612.915, -536.97, 0],
		[18, "PAD12", "T", 1758.796, -446.174, 0],
		[19, "PAD13", "T", 1658.796, -446.174, 0],
		[20, "PAD14", "T", 958.796, -446.174, 0],
		[21, "PAD15", "T", 958.796, -1154.834, 0],
		[22, "PAD16", "T", 1058.796, -1154.834, 0],
		[23, "PAD17", "T", 1758.796, -500.504, 0],
		[24, "PAD17", "B", 1758.796, -500.504, 0],
		[25, "PAD18", "T", 1658.796, -500.504, 0],
		[26, "PAD18", "B", 1658.796, -500.504, 0],
		[27, "PAD19", "T", 958.796, -500.504, 0],
		[28, "PAD19", "B", 958.796, -500.504, 0],
		[29, "PAD20", "T", 958.796, -1100.504, 0],
		[30, "PAD20", "B", 958.796, -1100.504, 0],
		[31, "PAD21", "T", 1058.796, -1100.504, 0],
		[32, "PAD21", "B", 1058.796, -1100.504, 0],
		[33, "PAD22", "T", 759.7425, -451.6925, 0],
		[34, "PAD23", "T", 694.1125, -1151.6925, 0]
	]
},
"pins": {
	"fields": ["PIN_NO", "PIN_NAME", "PIN_X", "PIN_Y", "LAYER", "PIN_TYPE", "NET_NAME", "NET_TYPE", "PAD_SHAPE", "PAD_SIZEX", "PAD_SIZEY", "HOLE_SIZE", "HOLE_LEN", "PAD_ANGLE"],
	"rows": [
		[1, "5V_1", 759.7425, -451.6925, "T", "SMD", "5V", "", "O", 118.1102, 59.0551, 0, 0, 0],
		[2, "C1_1", 815, -1157.7, "T", "SMD", "5V", "", "R", 58.465, 68.031, 0, 0, 90],
		[3, "C1_2", 815, -1032.3, "T", "SMD", "GND", "GND", "R", 58.465, 68.031, 0, 0, 90],
		[4, "C2_1", 845, -607.56, "T", "SMD", "5V", "", "R", 31.496, 35.433, 0, 0, 90],
		[5, "C2_2", 845, -552.44, "T", "SMD", "GND", "GND", "R", 31.496, 35.433, 0, 0, 90],
		[6, "CN1_1", 727.085, -637.36, "T", "SMD", "5V", "", "R", 31.496, 62.992, 0, 0, 270],
		[7, "CN1_2", 727.085, -686.57, "T", "SMD", "GND", "GND", "R", 31.496, 62.992, 0, 0, 270],
		[8, "CN1_3", 727.085, -735.78, "T", "SMD", "SDA", "", "R", 31.496, 62.992, 0, 0, 270],
		[9, "CN1_4", 727.085, -785, "T", "SMD", "SCL", "", "R", 31.496, 62.992, 0, 0, 270],
		[10, "CN1_5", 727.085, -834.21, "T", "SMD", "NET_1", "", "R", 31.496, 62.992, 0, 0, 270],
		[11, "CN1_6", 727.085, -883.42, "T", "SMD", "NET_2", "", "R", 31.496, 62.992, 0, 0, 270],
		[12, "CN1_7", 727.085, -932.64, "T", "SMD", "RST", "", "R", 31.496, 62.992, 0, 0, 270],
		[13, "CN1_8", 612.915, -1033.03, "T", "SMD", "GND", "GND", "R", 82.677, 118.11, 0, 0, 270],
		[14, "CN1_9", 612.915, -536.97, "T", "SMD", "GND", "GND", "R", 82.677, 118.11, 0, 0, 270],
		[15, "GND_1", 694.1125, -1151.6925, "T", "SMD", "GND", "GND", "O", 118.1102, 59.0551, 0, 0, 0],
		[16, "U1_1", 1758.796, -446.174, "T", "SMD", "5V", "", "R", 78.74, 59.055, 0, 0, 270],
		[17, "U1_1", 1758.796, -500.504, "T", "DIP", "5V", "", "C", 62.992, 62.992, 39.37, 39.37, 270],
		[18, "U1_1", 1758.796, -500.504, "B", "DIP", "5V", "", "C", 62.992, 62.992, 39.37, 39.37, 270],
		[19, "U1_2", 1658.796, -446.174, "T", "SMD", "GND", "GND", "R", 78.74, 59.055, 0, 0, 270],
		[20, "U1_2", 1658.796, -500.504, "T", "DIP", "GND", "GND", "C", 62.992, 62.992, 39.37, 39.37, 270],
		[21, "U1_2", 1658.796, -500.504, "B", "DIP", "GND", "GND", "C", 62.992, 62.992, 39.37, 39.37, 270],
		[22, "U1_3", 1558.796, -446.174, "T", "SMD", "NET_3", "", "R", 78.74, 59.055, 0, 0, 270],
		[23, "U1_3", 1558.796, -500.504, "T", "DIP", "NET_4", "", "C", 62.992, 62.992, 39.37, 39.37, 270],
		[24, "U1_3", 1558.796, -500.504, "B", "DIP", "NET_4", "", "C", 62.992, 62.992, 39.37, 39.37, 270],
		[25, "U1_4", 1458.796, -446.174, "T", "SMD", "NET_5", "", "R", 78.74, 59.055, 0, 0, 270],
		[26, "U1_4", 1458.796, -500.504, "T", "DIP", "NET_6", "", "C", 62.992, 62.992, 39.37, 39.37, 270],
		[27, "U1_4", 1458.796, -500.504, "B", "DIP", "NET_6", "", "C", 62.992, 62.992, 39.37, 39.37, 270],
		[28, "U1_5", 1358.796, -446.174, "T", "SMD", "NET_7", "", "R", 78.74, 59.055, 0, 0, 270],
		[29, "U1_5", 1358.796, -500.504, "T", "DIP", "NET_8", "", "C", 62.992, 62.992, 39.37, 39.37, 270],
		[30, "U1_5", 1358.796, -500.504, "B", "DIP", "NET_8", "", "C", 62.992, 62.992, 39.37, 39.37, 270],
		[31, "U1_6", 1258.796, -446.174, "T", "SMD", "NET_9", "", "R", 78.74, 59.055, 0, 0, 270],
		[32, "U1_6", 1258.796, -500.504, "T", "DIP", "NET_10", "", "C", 62.992, 62.992, 39.37, 39.37, 270],
		[33, "U1_6", 1258.796, -500.504, "B", "DIP", "NET_10", "", "C", 62.992, 62.992, 39.37, 39.37, 270],
		[34, "U1_7", 1158.796, -446.174, "T", "SMD", "NET_11", "", "R", 78.74, 59.055, 0, 0, 270],
		[35, "U1_7", 1158.796, -500.504, "T", "DIP", "NET_12", "", "C", 62.992, 62.992, 39.37, 39.37, 270],
		[36, "U1_7", 1158.796, -500.504, "B", "DIP", "NET_12", "", "C", 62.992, 62.992, 39.37, 39.37, 270],
		[37, "U1_8", 1058.796, -446.174, "T", "SMD", "NET_13", "", "R", 78.74, 59.055, 0, 0, 270],
		[38, "U1_8", 1058.796, -500.504, "T", "DIP", "NET_14", "", "C", 62.992, 62.992, 39.37, 39.37, 270],
		[39, "U1_8", 1058.796, -500.504, "B", "DIP", "NET_14", "", "C", 62.992, 62.992, 39.37, 39.37, 270],
		[40, "U1_9", 958.796, -446.174, "T", "SMD", "SDA", "", "R", 78.74, 59.055, 0, 0, 270],
		[41, "U1_9", 958.796, -500.504, "T", "DIP", "SDA", "", "C", 62.992, 62.992, 39.37, 39.37, 270],
		[42, "U1_9", 958.796, -500.504, "B", "DIP", "SDA", "", "C", 62.992, 62.992, 39.37, 39.37, 270],
		[43, "U1_10", 958.796, -1154.834, "T", "SMD", "SCL", "", "R", 78.74, 59.055, 0, 0, 270],
		[44, "U1_10", 958.796, -1100.504, "T", "DIP", "SCL", "", "C", 62.992, 62.992, 39.37, 39.37, 270],
		[45, "U1_10", 958.796, -1100.504, "B", "DIP", "SCL", "", "C", 62.992, 62.992, 39.37, 39.37, 270],
		[46, "U1_11", 1058.796, -1154.834, "T", "SMD", "RST", "", "R", 78.74, 59.055, 0, 0, 270],
		[47, "U1_11", 1058.796, -1100.504, "T", "DIP", "RST", "", "C", 62.992, 62.992, 39.37, 39.37, 270],
		[48, "U1_11", 1058.796, -1100.504, "B", "DIP", "RST", "", "C", 62.992, 62.992, 39.37, 39.37, 270],
		[49, "U1_12", 1158.796, -1154.834, "T", "SMD", "NET_15", "", "R", 78.74, 59.055, 0, 0, 270],
		[50, "U1_12", 1158.796, -1100.504, "T", "DIP", "NET_16", "", "C", 62.992, 62.992, 39.37, 39.37, 270],
		[51, "U1_12", 1158.796, -1100.504, "B", "DIP", "NET_16", "", "C", 62.992, 62.992, 39.37, 39.37, 270],
		[52, "U1_13", 1258.796, -1154.834, "T", "SMD", "NET_17", "", "R", 78.74, 59.055, 0, 0, 270],
		[53, "U1_13", 1258.796, -1100.504, "T", "DIP", "NET_18", "", "C", 62.992, 62.992, 39.37, 39.37, 270],
		[54, "U1_13", 1258.796, -1100.504, "B", "DIP", "NET_18", "", "C", 62.992, 62.992, 39.37, 39.37, 270],
		[55, "U1_14", 1358.796, -1154.834, "T", "SMD", "NET_19", "", "R", 78.74, 59.055, 0, 0, 270],
		[56, "U1_14", 1358.796, -1100.504, "T", "DIP", "NET_20", "", "C", 62.992, 62.992, 39.37, 39.37, 270],
		[57, "U1_14", 1358.796, -1100.504, "B", "DIP", "NET_20", "", "C", 62.992, 62.992, 39.37, 39.37, 270],
		[58, "U1_15", 1458.796, -1154.834, "T", "SMD", "NET_21", "", "R", 78.74, 59.055, 0, 0, 270],
		[59, "U1_15", 1458.796, -1100.504, "T", "DIP", "NET_22", "", "C", 62.992, 62.992, 39.37, 39.37, 270],
		[60, "U1_15", 1458.796, -1100.504, "B", "DIP", "NET_22", "", "C", 62.992, 62.992, 39.37, 39.37, 270],
		[61, "U1_16", 1558.796, -1154.834, "T", "SMD", "NET_23", "", "R", 78.74, 59.055, 0, 0, 270],
		[62, "U1_16", 1558.796, -1100.504, "T", "DIP", "NET_24", "", "C", 62.992, 62.992, 39.37, 39.37, 270],
		[63, "U1_16", 1558.796, -1100.504, "B", "DIP", "NET_24", "", "C", 62.992, 62.992, 39.37, 39.37, 270],
		[64, "U1_17", 1658.796, -1154.834, "T", "SMD", "NET_25", "", "R", 78.74, 59.055, 0, 0, 270],
		[65, "U1_17", 1658.796, -1100.504, "T", "DIP", "NET_26", "", "C", 62.992, 62.992, 39.37, 39.37, 270],
		[66, "U1_17", 1658.796, -1100.504, "B", "DIP", "NET_26", "", "C", 62.992, 62.992, 39.37, 39.37, 270],
		[67, "U1_18", 1758.796, -1154.834, "T", "SMD", "NET_27", "", "R", 78.74, 59.055, 0, 0, 270],
		[68, "U1_18", 1758.796, -1100.504, "T", "DIP", "NET_28", "", "C", 62.992, 62.992, 39.37, 39.37, 270],
		[69, "U1_18", 1758.796, -1100.504, "B", "DIP", "NET_28", "", "C", 62.992, 62.992, 39.37, 39.37, 270],
		[70, "PAD1_2", 815, -1032.3, "T", "SMD", "GND", "GND", "R", 58.465, 68.031, 0, 0, 90],
		[71, "PAD2_1", 815, -1157.7, "T", "SMD", "5V", "", "R", 58.465, 68.031, 0, 0, 90],
		[72, "PAD3_2", 845, -552.44, "T", "SMD", "GND", "GND", "R", 31.496, 35.433, 0, 0, 90],
		[73, "PAD4_1", 845, -607.56, "T", "SMD", "5V", "", "R", 31.496, 35.433, 0, 0, 90],
		[74, "PAD5_1", 727.085, -637.36, "T", "SMD", "5V", "", "R", 31.496, 62.992, 0, 0, 270],
		[75, "PAD6_2", 727.085, -686.57, "T", "SMD", "GND", "GND", "R", 31.496, 62.992, 0, 0, 270],
		[76, "PAD7_3", 727.085, -735.78, "T", "SMD", "SDA", "", "R", 31.496, 62.992, 0, 0, 270],
		[77, "PAD8_4", 727.085, -785, "T", "SMD", "SCL", "", "R", 31.496, 62.992, 0, 0, 270],
		[78, "PAD9_7", 727.085, -932.64, "T", "SMD", "RST", "", "R", 31.496, 62.992, 0, 0, 270],
		[79, "PAD10_8", 612.915, -1033.03, "T", "SMD", "GND", "GND", "R", 82.677, 118.11, 0, 0, 270],
		[80, "PAD11_9", 612.915, -536.97, "T", "SMD", "GND", "GND", "R", 82.677, 118.11, 0, 0, 270],
		[81, "PAD12_1", 1758.796, -446.174, "T", "SMD", "5V", "", "R", 78.74, 59.055, 0, 0, 270],
		[82, "PAD13_2", 1658.796, -446.174, "T", "SMD", "GND", "GND", "R", 78.74, 59.055, 0, 0, 270],
		[83, "PAD14_9", 958.796, -446.174, "T", "SMD", "SDA", "", "R", 78.74, 59.055, 0, 0, 270],
		[84, "PAD15_10", 958.796, -1154.834, "T", "SMD", "SCL", "", "R", 78.74, 59.055, 0, 0, 270],
		[85, "PAD16_11", 1058.796, -1154.834, "T", "SMD", "RST", "", "R", 78.74, 59.055, 0, 0, 270],
		[86, "PAD17_1", 1758.796, -500.504, "T", "DIP", "5V", "", "C", 62.992, 62.992, 39.37, 39.37, 270],
		[87, "PAD17_1", 1758.796, -500.504, "B", "DIP", "5V", "", "C", 62.992, 62.992, 39.37, 39.37, 270],
		[88, "PAD18_2", 1658.796, -500.504, "T", "DIP", "GND", "GND", "C", 62.992, 62.992, 39.37, 39.37, 270],
		[89, "PAD18_2", 1658.796, -500.504, "B", "DIP", "GND", "GND", "C", 62.992, 62.992, 39.37, 39.37, 270],
		[90, "PAD19_9", 958.796, -500.504, "T", "DIP", "SDA", "", "C", 62.992, 62.992, 39.37, 39.37, 270],
		[91, "PAD19_9", 958.796, -500.504, "B", "DIP", "SDA", "", "C", 62.992, 62.992, 39.37, 39.37, 270],
		[92, "PAD20_10", 958.796, -1100.504, "T", "DIP", "SCL", "", "C", 62.992, 62.992, 39.37, 39.37, 270],
		[93, "PAD20_10", 958.796, -1100.504, "B", "DIP", "SCL", "", "C", 62.992, 62.992, 39.37, 39.37, 270],
		[94, "PAD21_11", 1058.796, -1100.504, "T", "DIP", "RST", "", "C", 62.992, 62.992, 39.37, 39.37, 270],
		[95, "PAD21_11", 1058.796, -1100.504, "B", "DIP", "RST", "", "C", 62.992, 62.992, 39.37, 39.37, 270],
		[96, "PAD22_1", 759.7425, -451.6925, "T", "SMD", "5V", "", "O", 118.1102, 59.0551, 0, 0, 0],
		[97, "PAD23_1", 694.1125, -1151.6925, "T", "SMD", "GND", "GND", "O", 118.1102, 59.0551, 0, 0, 0]
	]
}
}