{
"lengthUnit": "mil",
"remark": [],
"components": {
	"fields": ["COMPONENT_NO", "COMPONENT_NAME", "LAYER", "X_COORDINATE", "Y_COORDINATE", "ANGLE"],
	"rows": [
		[1, "5V", "T", 2011.7447, -1200.4475, 0],
		[2, "C1", "T", 1595, -320, 180],
		[3, "C2", "T", 1285, -295, 0],
		[4, "FB1", "T", 1590, -220, 180],
		[5, "GND", "T", 1661.1147, -1200.4475, 0],
		[6, "HDR1", "T", 1094.84, -108.32, 0],
		[7, "TP1", "T", 1083.5825, -284.804, 0],
		[8, "TP2", "T", 989.2125, -284.804, 0],
		[9, "TP3", "T", 894.8425, -284.804, 0],
		[10, "U1", "T", 2080, -745, 270],
		[11, "U4", "T", 1435, -255, 180],
		[12, "PAD1", "T", 1568.54, -220, 0],
		[13, "PAD2", "T", 1611.46, -220, 0],
		[14, "PAD3", "T", 1573.54, -320, 0],
		[15, "PAD4", "T", 1616.46, -320, 0],
		[16, "PAD5", "T", 1306.46, -295, 0],
		[17, "PAD6", "T", 1263.54, -295, 0],
		[18, "PAD7", "T", 1486.18, -292.4, 0],
		[19, "PAD8", "T", 1486.18, -255, 0],
		[20, "PAD9", "T", 1486.18, -217.6, 0],
		[21, "PAD10", "T", 1383.82, -292.4, 0],
		[22, "PAD11", "T", 1083.5825, -284.804, 0],
		[23, "PAD12", "T", 989.2125, -284.804, 0],
		[24, "PAD13", "T", 894.8425, -284.804, 0],
		[25, "PAD14", "T", 144.84, -108.32, 0],
		[26, "PAD14", "B", 144.84, -108.32, 0],
		[27, "PAD15", "T", 244.84, -108.32, 0],
		[28, "PAD15", "B", 244.84, -108.32, 0],
		[29, "PAD16", "T", 344.84, -108.32, 0],
		[30, "PAD16", "B", 344.84, -108.32, 0],
		[31, "PAD17", "T", 444.84, -108.32, 0],
		[32, "PAD17", "B", 444.84, -108.32, 0],
		[33, "PAD18", "T", 544.84, -108.32, 0],
		[34, "PAD18", "B", 544.84, -108.32, 0],
		[35, "PAD19", "T", 644.84, -108.32, 0],
		[36, "PAD19", "B", 644.84, -108.32, 0],
		[37, "PAD20", "T", 744.84, -108.32, 0],
		[38, "PAD20", "B", 744.84, -108.32, 0],
		[39, "PAD21", "T", 844.84, -108.32, 0],
		[40, "PAD21", "B", 844.84, -108.32, 0],
		[41, "PAD22", "T", 944.84, -108.32, 0],
		[42, "PAD22", "B", 944.84, -108.32, 0],
		[43, "PAD23", "T", 1044.84, -108.32, 0],
		[44, "PAD23", "B", 1044.84, -108.32, 0],
		[45, "PAD24", "T", 1144.84, -108.32, 0],
		[46, "PAD24", "B", 1144.84, -108.32, 0],
		[47, "PAD25", "T", 1244.84, -108.32, 0],
		[48, "PAD25", "B", 1244.84, -108.32, 0],
		[49, "PAD26", "T", 1344.84, -108.32, 0],
		[50, "PAD26", "B", 1344.84, -108.32, 0],
		[51, "PAD27", "T", 1444.84, -108.32, 0],
		[52, "PAD27", "B", 1444.84, -108.32, 0],
		[53, "PAD28", "T", 1544.84, -108.32, 0],
		[54, "PAD28", "B", 1544.84, -108.32, 0],
		[55, "PAD29", "T", 1644.84, -108.32, 0],
		[56, "PAD29", "B", 1644.84, -108.32, 0],
		[57, "PAD30", "T", 1744.84, -108.32, 0],
		[58, "PAD30", "B", 1744.84, -108.32, 0],
		[59, "PAD31", "T", 1844.84, -108.32, 0],
		[60, "PAD31", "B", 1844.84, -108.32, 0],
		[61, "PAD32", "T", 1944.84, -108.32, 0],
		[62, "PAD32", "B", 1944.84, -108.32, 0],
		[63, "PAD33", "T", 2044.84, -108.32, 0],
		[64, "PAD33", "B", 2044.84, -108.32, 0],
		[65, "PAD34", "T", 2011.7447, -1200.4475, 0],
		[66, "PAD35", "T", 1661.1147, -1200.4475, 0],
		[67, "PAD36", "T", 2480, -390.67, 0],
		[68, "PAD37", "T", 2380, -390.67, 0],
		[69, "PAD38", "T", 1680, -390.67, 0],
		[70, "PAD39", "T", 1680, -1099.33, 0],
		[71, "PAD40", "T", 2480, -445, 0],
		[72, "PAD40", "B", 2480, -445, 0],
		[73, "PAD41", "T", 2380, -445, 0],
		[74, "PAD41", "B", 2380, -445, 0],
		[75, "PAD42", "T", 1680, -445, 0],
		[76, "PAD42", "B", 1680, -445, 0],
		[77, "PAD43", "T", 1680, -1045, 0],
		[78, "PAD43", "B", 1680, -1045, 0]
	]
},
"pins": {
	"fields": ["PIN_NO", "PIN_NAME", "PIN_X", "PIN_Y", "LAYER", "PIN_TYPE", "NET_NAME", "NET_TYPE", "PAD_SHAPE", "PAD_SIZEX", "PAD_SIZEY", "HOLE_SIZE", "HOLE_LEN", "PAD_ANGLE"],
	"rows": [
		[1, "5V_1", 2011.7447, -1200.4475, "T", "SMD", "5V", "", "R", 78.7402, 78.7402, 0, 0, 0],
		[2, "C1_1", 1616.46, -320, "T", "SMD", "GND", "GND", "R", 31.106, 21.26, 0, 0, 180],
		[3, "C1_2", 1573.54, -320, "T", "SMD", "$1N877", "", "R", 31.106, 21.26, 0, 0, 180],
		[4, "C2_1", 1263.54, -295, "T", "SMD", "GND", "GND", "R", 31.106, 21.26, 0, 0, 0],
		[5, "C2_2", 1306.46, -295, "T", "SMD", "3.3V", "", "R", 31.106, 21.26, 0, 0, 0],
		[6, "FB1_1", 1611.46, -220, "T", "SMD", "5V", "", "R", 31.106, 21.26, 0, 0, 180],
		[7, "FB1_2", 1568.54, -220, "T", "SMD", "$1N877", "", "R", 31.106, 21.26, 0, 0, 180],
		[8, "GND_1", 1661.1147, -1200.4475, "T", "SMD", "GND", "GND", "R", 78.7402, 78.7402, 0, 0, 0],
		[9, "HDR1_1", 144.84, -108.32, "T", "DIP", "GND", "GND", "R", 62.992, 62.992, 41.338, 41.338, 0],
		[10, "HDR1_1", 144.84, -108.32, "B", "DIP", "GND", "GND", "R", 62.992, 62.992, 41.338, 41.338, 0],
		[11, "HDR1_2", 244.84, -108.32, "T", "DIP", "3.3V", "", "C", 62.992, 62.992, 41.338, 41.338, 0],
		[12, "HDR1_2", 244.84, -108.32, "B", "DIP", "3.3V", "", "C", 62.992, 62.992, 41.338, 41.338, 0],
		[13, "HDR1_3", 344.84, -108.32, "T", "DIP", "GND", "GND", "C", 62.992, 62.992, 41.338, 41.338, 0],
		[14, "HDR1_3", 344.84, -108.32, "B", "DIP", "GND", "GND", "C", 62.992, 62.992, 41.338, 41.338, 0],
		[15, "HDR1_4", 444.84, -108.32, "T", "DIP", "ADDR1", "", "C", 62.992, 62.992, 41.338, 41.338, 0],
		[16, "HDR1_4", 444.84, -108.32, "B", "DIP", "ADDR1", "", "C", 62.992, 62.992, 41.338, 41.338, 0],
		[17, "HDR1_5", 544.84, -108.32, "T", "DIP", "GND", "GND", "C", 62.992, 62.992, 41.338, 41.338, 0],
		[18, "HDR1_5", 544.84, -108.32, "B", "DIP", "GND", "GND", "C", 62.992, 62.992, 41.338, 41.338, 0],
		[19, "HDR1_6", 644.84, -108.32, "T", "DIP", "GND", "GND", "C", 62.992, 62.992, 41.338, 41.338, 0],
		[20, "HDR1_6", 644.84, -108.32, "B", "DIP", "GND", "GND", "C", 62.992, 62.992, 41.338, 41.338, 0],
		[21, "HDR1_7", 744.84, -108.32, "T", "DIP", "SCL", "", "C", 62.992, 62.992, 41.338, 41.338, 0],
		[22, "HDR1_7", 744.84, -108.32, "B", "DIP", "SCL", "", "C", 62.992, 62.992, 41.338, 41.338, 0],
		[23, "HDR1_8", 844.84, -108.32, "T", "DIP", "SDA", "", "C", 62.992, 62.992, 41.338, 41.338, 0],
		[24, "HDR1_8", 844.84, -108.32, "B", "DIP", "SDA", "", "C", 62.992, 62.992, 41.338, 41.338, 0],
		[25, "HDR1_9", 944.84, -108.32, "T", "DIP", "SDA", "", "C", 62.992, 62.992, 41.338, 41.338, 0],
		[26, "HDR1_9", 944.84, -108.32, "B", "DIP", "SDA", "", "C", 62.992, 62.992, 41.338, 41.338, 0],
		[27, "HDR1_10", 1044.84, -108.32, "T", "DIP", "GND", "GND", "C", 62.992, 62.992, 41.338, 41.338, 0],
		[28, "HDR1_10", 1044.84, -108.32, "B", "DIP", "GND", "GND", "C", 62.992, 62.992, 41.338, 41.338, 0],
		[29, "HDR1_11", 1144.84, -108.32, "T", "DIP", "GND", "GND", "C", 62.992, 62.992, 41.338, 41.338, 0],
		[30, "HDR1_11", 1144.84, -108.32, "B", "DIP", "GND", "GND", "C", 62.992, 62.992, 41.338, 41.338, 0],
		[31, "HDR1_12", 1244.84, -108.32, "T", "DIP", "GND", "GND", "C", 62.992, 62.992, 41.338, 41.338, 0],
		[32, "HDR1_12", 1244.84, -108.32, "B", "DIP", "GND", "GND", "C", 62.992, 62.992, 41.338, 41.338, 0],
		[33, "HDR1_13", 1344.84, -108.32, "T", "DIP", "GND", "GND", "C", 62.992, 62.992, 41.338, 41.338, 0],
		[34, "HDR1_13", 1344.84, -108.32, "B", "DIP", "GND", "GND", "C", 62.992, 62.992, 41.338, 41.338, 0],
		[35, "HDR1_14", 1444.84, -108.32, "T", "DIP", "GND", "GND", "C", 62.992, 62.992, 41.338, 41.338, 0],
		[36, "HDR1_14", 1444.84, -108.32, "B", "DIP", "GND", "GND", "C", 62.992, 62.992, 41.338, 41.338, 0],
		[37, "HDR1_15", 1544.84, -108.32, "T", "DIP", "GND", "GND", "C", 62.992, 62.992, 41.338, 41.338, 0],
		[38, "HDR1_15", 1544.84, -108.32, "B", "DIP", "GND", "GND", "C", 62.992, 62.992, 41.338, 41.338, 0],
		[39, "HDR1_16", 1644.84, -108.32, "T", "DIP", "3.3V", "", "C", 62.992, 62.992, 41.338, 41.338, 0],
		[40, "HDR1_16", 1644.84, -108.32, "B", "DIP", "3.3V", "", "C", 62.992, 62.992, 41.338, 41.338, 0],
		[41, "HDR1_17", 1744.84, -108.32, "T", "DIP", "GND", "GND", "C", 62.992, 62.992, 41.338, 41.338, 0],
		[42, "HDR1_17", 1744.84, -108.32, "B", "DIP", "GND", "GND", "C", 62.992, 62.992, 41.338, 41.338, 0],
		[43, "HDR1_18", 1844.84, -108.32, "T", "DIP", "3.3V", "", "C", 62.992, 62.992, 41.338, 41.338, 0],
		[44, "HDR1_18", 1844.84, -108.32, "B", "DIP", "3.3V", "", "C", 62.992, 62.992, 41.338, 41.338, 0],
		[45, "HDR1_19", 1944.84, -108.32, "T", "DIP", "GND", "GND", "C", 62.992, 62.992, 41.338, 41.338, 0],
		[46, "HDR1_19", 1944.84, -108.32, "B", "DIP", "GND", "GND", "C", 62.992, 62.992, 41.338, 41.338, 0],
		[47, "HDR1_20", 2044.84, -108.32, "T", "DIP", "GND", "GND", "C", 62.992, 62.992, 41.338, 41.338, 0],
		[48, "HDR1_20", 2044.84, -108.32, "B", "DIP", "GND", "GND", "C", 62.992, 62.992, 41.338, 41.338, 0],
		[49, "TP1_1", 1083.5825, -284.804, "T", "SMD", "GND", "GND", "R", 78.7402, 78.7402, 0, 0, 0],
		[50, "TP2_1", 989.2125, -284.804, "T", "SMD", "ADDR1", "", "R", 78.7402, 78.7402, 0, 0, 0],
		[51, "TP3_1", 894.8425, -284.804, "T", "SMD", "3.3V", "", "R", 78.7402, 78.7402, 0, 0, 0],
		[52, "U1_1", 2480, -390.67, "T", "SMD", "5V", "", "R", 78.74, 59.055, 0, 0, 270],
		[53, "U1_1", 2480, -445, "T", "DIP", "5V", "", "C", 62.992, 62.992, 39.37, 39.37, 270],
		[54, "U1_1", 2480, -445, "B", "DIP", "5V", "", "C", 62.992, 62.992, 39.37, 39.37, 270],
		[55, "U1_2", 2380, -390.67, "T", "SMD", "GND", "GND", "R", 78.74, 59.055, 0, 0, 270],
		[56, "U1_2", 2380, -445, "T", "DIP", "GND", "GND", "C", 62.992, 62.992, 39.37, 39.37, 270],
		[57, "U1_2", 2380, -445, "B", "DIP", "GND", "GND", "C", 62.992, 62.992, 39.37, 39.37, 270],
		[58, "U1_3", 2280, -390.67, "T", "SMD", "NET_1", "", "R", 78.74, 59.055, 0, 0, 270],
		[59, "U1_3", 2280, -445, "T", "DIP", "NET_2", "", "C", 62.992, 62.992, 39.37, 39.37, 270],
		[60, "U1_3", 2280, -445, "B", "DIP", "NET_2", "", "C", 62.992, 62.992, 39.37, 39.37, 270],
		[61, "U1_4", 2180, -390.67, "T", "SMD", "NET_3", "", "R", 78.74, 59.055, 0, 0, 270],
		[62, "U1_4", 2180, -445, "T", "DIP", "NET_4", "", "C", 62.992, 62.992, 39.37, 39.37, 270],
		[63, "U1_4", 2180, -445, "B", "DIP", "NET_4", "", "C", 62.992, 62.992, 39.37, 39.37, 270],
		[64, "U1_5", 2080, -390.67, "T", "SMD", "NET_5", "", "R", 78.74, 59.055, 0, 0, 270],
		[65, "U1_5", 2080, -445, "T", "DIP", "NET_6", "", "C", 62.992, 62.992, 39.37, 39.37, 270],
		[66, "U1_5", 2080, -445, "B", "DIP", "NET_6", "", "C", 62.992, 62.992, 39.37, 39.37, 270],
		[67, "U1_6", 1980, -390.67, "T", "SMD", "NET_7", "", "R", 78.74, 59.055, 0, 0, 270],
		[68, "U1_6", 1980, -445, "T", "DIP", "NET_8", "", "C", 62.992, 62.992, 39.37, 39.37, 270],
		[69, "U1_6", 1980, -445, "B", "DIP", "NET_8", "", "C", 62.992, 62.992, 39.37, 39.37, 270],
		[70, "U1_7", 1880, -390.67, "T", "SMD", "NET_9", "", "R", 78.74, 59.055, 0, 0, 270],
		[71, "U1_7", 1880, -445, "T", "DIP", "NET_10", "", "C", 62.992, 62.992, 39.37, 39.37, 270],
		[72, "U1_7", 1880, -445, "B", "DIP", "NET_10", "", "C", 62.992, 62.992, 39.37, 39.37, 270],
		[73, "U1_8", 1780, -390.67, "T", "SMD", "NET_11", "", "R", 78.74, 59.055, 0, 0, 270],
		[74, "U1_8", 1780, -445, "T", "DIP", "NET_12", "", "C", 62.992, 62.992, 39.37, 39.37, 270],
		[75, "U1_8", 1780, -445, "B", "DIP", "NET_12", "", "C", 62.992, 62.992, 39.37, 39.37, 270],
		[76, "U1_9", 1680, -390.67, "T", "SMD", "SDA", "", "R", 78.74, 59.055, 0, 0, 270],
		[77, "U1_9", 1680, -445, "T", "DIP", "SDA", "", "C", 62.992, 62.992, 39.37, 39.37, 270],
		[78, "U1_9", 1680, -445, "B", "DIP", "SDA", "", "C", 62.992, 62.992, 39.37, 39.37, 270],
		[79, "U1_10", 1680, -1099.33, "T", "SMD", "SCL", "", "R", 78.74, 59.055, 0, 0, 270],
		[80, "U1_10", 1680, -1045, "T", "DIP", "SCL", "", "C", 62.992, 62.992, 39.37, 39.37, 270],
		[81, "U1_10", 1680, -1045, "B", "DIP", "SCL", "", "C", 62.992, 62.992, 39.37, 39.37, 270],
		[82, "U1_11", 1780, -1099.33, "T", "SMD", "NET_13", "", "R", 78.74, 59.055, 0, 0, 270],
		[83, "U1_11", 1780, -1045, "T", "DIP", "NET_14", "", "C", 62.992, 62.992, 39.37, 39.37, 270],
		[84, "U1_11", 1780, -1045, "B", "DIP", "NET_14", "", "C", 62.992, 62.992, 39.37, 39.37, 270],
		[85, "U1_12", 1880, -1099.33, "T", "SMD", "NET_15", "", "R", 78.74, 59.055, 0, 0, 270],
		[86, "U1_12", 1880, -1045, "T", "DIP", "NET_16", "", "C", 62.992, 62.992, 39.37, 39.37, 270],
		[87, "U1_12", 1880, -1045, "B", "DIP", "NET_16", "", "C", 62.992, 62.992, 39.37, 39.37, 270],
		[88, "U1_13", 1980, -1099.33, "T", "SMD", "NET_17", "", "R", 78.74, 59.055, 0, 0, 270],
		[89, "U1_13", 1980, -1045, "T", "DIP", "NET_18", "", "C", 62.992, 62.992, 39.37, 39.37, 270],
		[90, "U1_13", 1980, -1045, "B", "DIP", "NET_18", "", "C", 62.992, 62.992, 39.37, 39.37, 270],
		[91, "U1_14", 2080, -1099.33, "T", "SMD", "NET_19", "", "R", 78.74, 59.055, 0, 0, 270],
		[92, "U1_14", 2080, -1045, "T", "DIP", "NET_20", "", "C", 62.992, 62.992, 39.37, 39.37, 270],
		[93, "U1_14", 2080, -1045, "B", "DIP", "NET_20", "", "C", 62.992, 62.992, 39.37, 39.37, 270],
		[94, "U1_15", 2180, -1099.33, "T", "SMD", "NET_21", "", "R", 78.74, 59.055, 0, 0, 270],
		[95, "U1_15", 2180, -1045, "T", "DIP", "NET_22", "", "C", 62.992, 62.992, 39.37, 39.37, 270],
		[96, "U1_15", 2180, -1045, "B", "DIP", "NET_22", "", "C", 62.992, 62.992, 39.37, 39.37, 270],
		[97, "U1_16", 2280, -1099.33, "T", "SMD", "NET_23", "", "R", 78.74, 59.055, 0, 0, 270],
		[98, "U1_16", 2280, -1045, "T", "DIP", "NET_24", "", "C", 62.992, 62.992, 39.37, 39.37, 270],
		[99, "U1_16", 2280, -1045, "B", "DIP", "NET_24", "", "C", 62.992, 62.992, 39.37, 39.37, 270],
		[100, "U1_17", 2380, -1099.33, "T", "SMD", "NET_25", "", "R", 78.74, 59.055, 0, 0, 270],
		[101, "U1_17", 2380, -1045, "T", "DIP", "NET_26", "", "C", 62.992, 62.992, 39.37, 39.37, 270],
		[102, "U1_17", 2380, -1045, "B", "DIP", "NET_26", "", "C", 62.992, 62.992, 39.37, 39.37, 270],
		[103, "U1_18", 2480, -1099.33, "T", "SMD", "NET_27", "", "R", 78.74, 59.055, 0, 0, 270],
		[104, "U1_18", 2480, -1045, "T", "DIP", "NET_28", "", "C", 62.992, 62.992, 39.37, 39.37, 270],
		[105, "U1_18", 2480, -1045, "B", "DIP", "NET_28", "", "C", 62.992, 62.992, 39.37, 39.37, 270],
		[106, "U4_1", 1486.18, -292.4, "T", "SMD", "$1N877", "", "R", 19.685, 35.433, 0, 0, 90],
		[107, "U4_2", 1486.18, -255, "T", "SMD", "GND", "GND", "R", 19.685, 35.433, 0, 0, 90],
		[108, "U4_3", 1486.18, -217.6, "T", "SMD", "$1N877", "", "R", 19.685, 35.433, 0, 0, 90],
		[109, "U4_4", 1383.82, -217.6, "T", "SMD", "NET_29", "", "R", 19.685, 35.433, 0, 0, 90],
		[110, "U4_5", 1383.82, -292.4, "T", "SMD", "3.3V", "", "R", 19.685, 35.433, 0, 0, 90],
		[111, "PAD1_2", 1568.54, -220, "T", "SMD", "$1N877", "", "R", 31.106, 21.26, 0, 0, 180],
		[112, "PAD2_1", 1611.46, -220, "T", "SMD", "5V", "", "R", 31.106, 21.26, 0, 0, 180],
		[113, "PAD3_2", 1573.54, -320, "T", "SMD", "$1N877", "", "R", 31.106, 21.26, 0, 0, 180],
		[114, "PAD4_1", 1616.46, -320, "T", "SMD", "GND", "GND", "R", 31.106, 21.26, 0, 0, 180],
		[115, "PAD5_2", 1306.46, -295, "T", "SMD", "3.3V", "", "R", 31.106, 21.26, 0, 0, 0],
		[116, "PAD6_1", 1263.54, -295, "T", "SMD", "GND", "GND", "R", 31.106, 21.26, 0, 0, 0],
		[117, "PAD7_1", 1486.18, -292.4, "T", "SMD", "$1N877", "", "R", 19.685, 35.433, 0, 0, 90],
		[118, "PAD8_2", 1486.18, -255, "T", "SMD", "GND", "GND", "R", 19.685, 35.433, 0, 0, 90],
		[119, "PAD9_3", 1486.18, -217.6, "T", "SMD", "$1N877", "", "R", 19.685, 35.433, 0, 0, 90],
		[120, "PAD10_5", 1383.82, -292.4, "T", "SMD", "3.3V", "", "R", 19.685, 35.433, 0, 0, 90],
		[121, "PAD11_1", 1083.5825, -284.804, "T", "SMD", "GND", "GND", "R", 78.7402, 78.7402, 0, 0, 0],
		[122, "PAD12_1", 989.2125, -284.804, "T", "SMD", "ADDR1", "", "R", 78.7402, 78.7402, 0, 0, 0],
		[123, "PAD13_1", 894.8425, -284.804, "T", "SMD", "3.3V", "", "R", 78.7402, 78.7402, 0, 0, 0],
		[124, "PAD14_1", 144.84, -108.32, "T", "DIP", "GND", "GND", "R", 62.992, 62.992, 41.338, 41.338, 0],
		[125, "PAD14_1", 144.84, -108.32, "B", "DIP", "GND", "GND", "R", 62.992, 62.992, 41.338, 41.338, 0],
		[126, "PAD15_2", 244.84, -108.32, "T", "DIP", "3.3V", "", "C", 62.992, 62.992, 41.338, 41.338, 0],
		[127, "PAD15_2", 244.84, -108.32, "B", "DIP", "3.3V", "", "C", 62.992, 62.992, 41.338, 41.338, 0],
		[128, "PAD16_3", 344.84, -108.32, "T", "DIP", "GND", "GND", "C", 62.992, 62.992, 41.338, 41.338, 0],
		[129, "PAD16_3", 344.84, -108.32, "B", "DIP", "GND", "GND", "C", 62.992, 62.992, 41.338, 41.338, 0],
		[130, "PAD17_4", 444.84, -108.32, "T", "DIP", "ADDR1", "", "C", 62.992, 62.992, 41.338, 41.338, 0],
		[131, "PAD17_4", 444.84, -108.32, "B", "DIP", "ADDR1", "", "C", 62.992, 62.992, 41.338, 41.338, 0],
		[132, "PAD18_5", 544.84, -108.32, "T", "DIP", "GND", "GND", "C", 62.992, 62.992, 41.338, 41.338, 0],
		[133, "PAD18_5", 544.84, -108.32, "B", "DIP", "GND", "GND", "C", 62.992, 62.992, 41.338, 41.338, 0],
		[134, "PAD19_6", 644.84, -108.32, "T", "DIP", "GND", "GND", "C", 62.992, 62.992, 41.338, 41.338, 0],
		[135, "PAD19_6", 644.84, -108.32, "B", "DIP", "GND", "GND", "C", 62.992, 62.992, 41.338, 41.338, 0],
		[136, "PAD20_7", 744.84, -108.32, "T", "DIP", "SCL", "", "C", 62.992, 62.992, 41.338, 41.338, 0],
		[137, "PAD20_7", 744.84, -108.32, "B", "DIP", "SCL", "", "C", 62.992, 62.992, 41.338, 41.338, 0],
		[138, "PAD21_8", 844.84, -108.32, "T", "DIP", "SDA", "", "C", 62.992, 62.992, 41.338, 41.338, 0],
		[139, "PAD21_8", 844.84, -108.32, "B", "DIP", "SDA", "", "C", 62.992, 62.992, 41.338, 41.338, 0],
		[140, "PAD22_9", 944.84, -108.32, "T", "DIP", "SDA", "", "C", 62.992, 62.992, 41.338, 41.338, 0],
		[141, "PAD22_9", 944.84, -108.32, "B", "DIP", "SDA", "", "C", 62.992, 62.992, 41.338, 41.338, 0],
		[142, "PAD23_10", 1044.84, -108.32, "T", "DIP", "GND", "GND", "C", 62.992, 62.992, 41.338, 41.338, 0],
		[143, "PAD23_10", 1044.84, -108.32, "B", "DIP", "GND", "GND", "C", 62.992, 62.992, 41.338, 41.338, 0],
		[144, "PAD24_11", 1144.84, -108.32, "T", "DIP", "GND", "GND", "C", 62.992, 62.992, 41.338, 41.338, 0],
		[145, "PAD24_11", 1144.84, -108.32, "B", "DIP", "GND", "GND", "C", 62.992, 62.992, 41.338, 41.338, 0],
		[146, "PAD25_12", 1244.84, -108.32, "T", "DIP", "GND", "GND", "C", 62.992, 62.992, 41.338, 41.338, 0],
		[147, "PAD25_12", 1244.84, -108.32, "B", "DIP", "GND", "GND", "C", 62.992, 62.992, 41.338, 41.338, 0],
		[148, "PAD26_13", 1344.84, -108.32, "T", "DIP", "GND", "GND", "C", 62.992, 62.992, 41.338, 41.338, 0],
		[149, "PAD26_13", 1344.84, -108.32, "B", "DIP", "GND", "GND", "C", 62.992, 62.992, 41.338, 41.338, 0],
		[150, "PAD27_14", 1444.84, -108.32, "T", "DIP", "GND", "GND", "C", 62.992, 62.992, 41.338, 41.338, 0],
		[151, "PAD27_14", 1444.84, -108.32, "B", "DIP", "GND", "GND", "C", 62.992, 62.992, 41.338, 41.338, 0],
		[152, "PAD28_15", 1544.84, -108.32, "T", "DIP", "GND", "GND", "C", 62.992, 62.992, 41.338, 41.338, 0],
		[153, "PAD28_15", 1544.84, -108.32, "B", "DIP", "GND", "GND", "C", 62.992, 62.992, 41.338, 41.338, 0],
		[154, "PAD29_16", 1644.84, -108.32, "T", "DIP", "3.3V", "", "C", 62.992, 62.992, 41.338, 41.338, 0],
		[155, "PAD29_16", 1644.84, -108.32, "B", "DIP", "3.3V", "", "C", 62.992, 62.992, 41.338, 41.338, 0],
		[156, "PAD30_17", 1744.84, -108.32, "T", "DIP", "GND", "GND", "C", 62.992, 62.992, 41.338, 41.338, 0],
		[157, "PAD30_17", 1744.84, -108.32, "B", "DIP", "GND", "GND", "C", 62.992, 62.992, 41.338, 41.338, 0],
		[158, "PAD31_18", 1844.84, -108.32, "T", "DIP", "3.3V", "", "C", 62.992, 62.992, 41.338, 41.338, 0],
		[159, "PAD31_18", 1844.84, -108.32, "B", "DIP", "3.3V", "", "C", 62.992, 62.992, 41.338, 41.338, 0],
		[160, "PAD32_19", 1944.84, -108.32, "T", "DIP", "GND", "GND", "C", 62.992, 62.992, 41.338, 41.338, 0],
		[161, "PAD32_19", 1944.84, -108.32, "B", "DIP", "GND", "GND", "C", 62.992, 62.992, 41.338, 41.338, 0],
		[162, "PAD33_20", 2044.84, -108.32, "T", "DIP", "GND", "GND", "C", 62.992, 62.992, 41.338, 41.338, 0],
		[163, "PAD33_20", 2044.84, -108.32, "B", "DIP", "GND", "GND", "C", 62.992, 62.992, 41.338, 41.338, 0],
		[164, "PAD34_1", 2011.7447, -1200.4475, "T", "SMD", "5V", "", "R", 78.7402, 78.7402, 0, 0, 0],
		[165, "PAD35_1", 1661.1147, -1200.4475, "T", "SMD", "GND", "GND", "R", 78.7402, 78.7402, 0, 0, 0],
		[166, "PAD36_1", 2480, -390.67, "T", "SMD", "5V", "", "R", 78.74, 59.055, 0, 0, 270],
		[167, "PAD37_2", 2380, -390.67, "T", "SMD", "GND", "GND", "R", 78.74, 59.055, 0, 0, 270],
		[168, "PAD38_9", 1680, -390.67, "T", "SMD", "SDA", "", "R", 78.74, 59.055, 0, 0, 270],
		[169, "PAD39_10", 1680, -1099.33, "T", "SMD", "SCL", "", "R", 78.74, 59.055, 0, 0, 270],
		[170, "PAD40_1", 2480, -445, "T", "DIP", "5V", "", "C", 62.992, 62.992, 39.37, 39.37, 270],
		[171, "PAD40_1", 2480, -445, "B", "DIP", "5V", "", "C", 62.992, 62.992, 39.37, 39.37, 270],
		[172, "PAD41_2", 2380, -445, "T", "DIP", "GND", "GND", "C", 62.992, 62.992, 39.37, 39.37, 270],
		[173, "PAD41_2", 2380, -445, "B", "DIP", "GND", "GND", "C", 62.992, 62.992, 39.37, 39.37, 270],
		[174, "PAD42_9", 1680, -445, "T", "DIP", "SDA", "", "C", 62.992, 62.992, 39.37, 39.37, 270],
		[175, "PAD42_9", 1680, -445, "B", "DIP", "SDA", "", "C", 62.992, 62.992, 39.37, 39.37, 270],
		[176, "PAD43_10", 1680, -1045, "T", "DIP", "SCL", "", "C", 62.992, 62.992, 39.37, 39.37, 270],
		[177, "PAD43_10", 1680, -1045, "B", "DIP", "SCL", "", "C", 62.992, 62.992, 39.37, 39.37, 270]
	]
}
}